{
  "model_id": "rf",
  "n_train": 3026,
  "n_validation": 1009,
  "model": {
    "type": "random_forest",
    "n_estimators": 150,
    "max_depth": 16,
    "random_state": 42,
    "standardize_rssi": true
  },
  "train": {
    "position": {
      "rmse_xy_m": 0.5955884154756078,
      "r2": 0.9530892676250907,
      "mean_m": 0.71220811398537,
      "median_m": 0.6337850066425693,
      "p90_m": 1.3280937233459151,
      "p95_m": 1.582942713315513,
      "max_m": 2.7934624917132798,
      "std_m": 0.44967846698601405,
      "n": 3026.0
    },
    "zone": {
      "accuracy": 0.9980171844018506,
      "n": 3026
    }
  },
  "validation": {
    "position": {
      "rmse_xy_m": 1.4383189089303476,
      "r2": 0.7260875504771593,
      "mean_m": 1.7215902372276517,
      "median_m": 1.4726796119899022,
      "p90_m": 3.1760111517345053,
      "p95_m": 3.9204588232664337,
      "max_m": 6.241282963417474,
      "std_m": 1.083351107746518,
      "n": 1009.0
    },
    "zone": {
      "accuracy": 0.6808721506442021,
      "n": 1009
    }
  }
}