{
  "model_id": "knn",
  "n_train": 3026,
  "n_validation": 1009,
  "model": {
    "type": "knn",
    "position_k_neighbors": 3,
    "zone_k_neighbors": 15,
    "weights": "distance",
    "standardize_rssi": true
  },
  "train": {
    "position": {
      "rmse_xy_m": 0.0,
      "r2": 1.0,
      "mean_m": 0.0,
      "median_m": 0.0,
      "p90_m": 0.0,
      "p95_m": 0.0,
      "max_m": 0.0,
      "std_m": 0.0,
      "n": 3026.0
    },
    "zone": {
      "accuracy": 1.0,
      "n": 3026
    }
  },
  "validation": {
    "position": {
      "rmse_xy_m": 1.5722741348803064,
      "r2": 0.6706918334646593,
      "mean_m": 1.848412905795841,
      "median_m": 1.5871925941917864,
      "p90_m": 3.553765576366459,
      "p95_m": 4.310330453530434,
      "max_m": 7.092700524339503,
      "std_m": 1.2359051905848628,
      "n": 1009.0
    },
    "zone": {
      "accuracy": 0.6788899900891973,
      "n": 1009
    }
  }
}