{
  "model_id": "knn",
  "n_train": 3026,
  "n_validation": 1009,
  "model": {
    "type": "knn",
    "position_k_neighbors": 3,
    "zone_k_neighbors": 15,
    "weights": "distance",
    "standardize_rssi": true
  },
  "k_sweep": {
    "k": [
      1,
      2,
      3,
      4,
      5,
      6,
      7,
      8,
      9,
      10,
      11,
      12,
      13,
      14,
      15,
      16,
      17,
      18,
      19,
      20,
      21,
      22,
      23,
      24,
      25,
      26,
      27,
      28,
      29,
      30
    ],
    "validation_zone_accuracy": [
      0.6085232903865213,
      0.6085232903865213,
      0.6362735381565907,
      0.6392467789890981,
      0.6382556987115956,
      0.6442021803766105,
      0.6501486620416254,
      0.6501486620416254,
      0.6669970267591675,
      0.6699702675916749,
      0.6630327056491576,
      0.6699702675916749,
      0.6739345887016849,
      0.6739345887016849,
      0.6788899900891973,
      0.6878097125867195,
      0.6838453914767096,
      0.6878097125867195,
      0.6907829534192269,
      0.6937561942517344,
      0.6897918731417245,
      0.6907829534192269,
      0.6878097125867195,
      0.6917740336967294,
      0.688800792864222,
      0.6917740336967294,
      0.6878097125867195,
      0.688800792864222,
      0.6858275520317145,
      0.686818632309217
    ],
    "validation_rmse_xy_m": [
      1.89831908441986,
      1.6711145061806618,
      1.5722741348803064,
      1.5273152424460428,
      1.4898768575447563,
      1.4673734863869219,
      1.446271015574786,
      1.4306622909477487,
      1.4222279473261263,
      1.412065850021326,
      1.4120644177275563,
      1.4072630904631722,
      1.4047899713899747,
      1.3994790165350852,
      1.3963650464276978,
      1.3918335720840056,
      1.3907750148705282,
      1.388447932965928,
      1.3864948432067676,
      1.3844147035494831,
      1.3849280798030728,
      1.3854334237090074,
      1.3853213468592438,
      1.3853414670735,
      1.3838178093927183,
      1.3835240908919757,
      1.3839141351787068,
      1.3815693125846977,
      1.3823269035359382,
      1.3844688823184552
    ],
    "standardize_rssi": true,
    "position_weights": "distance",
    "zone_weights": "distance"
  },
  "train": {
    "position": {
      "rmse_xy_m": 0.0,
      "r2": 1.0,
      "mean_m": 0.0,
      "median_m": 0.0,
      "p90_m": 0.0,
      "p95_m": 0.0,
      "max_m": 0.0,
      "std_m": 0.0,
      "n": 3026.0
    },
    "zone": {
      "accuracy": 1.0,
      "n": 3026
    }
  },
  "validation": {
    "position": {
      "rmse_xy_m": 1.5722741348803064,
      "r2": 0.6706918334646593,
      "mean_m": 1.848412905795841,
      "median_m": 1.5871925941917864,
      "p90_m": 3.553765576366459,
      "p95_m": 4.310330453530434,
      "max_m": 7.092700524339503,
      "std_m": 1.2359051905848628,
      "n": 1009.0
    },
    "zone": {
      "accuracy": 0.6788899900891973,
      "n": 1009
    }
  }
}